 	1		  me listening to alien music after i get them out of area 51 area51
 	1		  the aliens throwing me off their ship after i helped them escape area51
 	1		  the us government after seeing why area51 is trending
 	1		  when the alien i steal copies my appearance and tries to replace me area51
 	1		  e2 80 9c thanks for choosing our airline for your last flight e2 80 9d area51
 	1		  the gvt after realizing that not even the ea hquake they caused worked to stop the area51 tag from trending anotherea hquake
 	1		  that one person who actually showed up alone to area51 to steal an alien
 	1		  aliens sending signals to space after they e2 80 99 re released from area 51 area51
 	1		  me listening to alien music after i get them out of area 51 area51
 	1		  the us government after seeing why area51 is trending
 	1		  me watching y all get shot tf up when y all raid area51
 	1		  lets get to preform at area51
 	1		  area51 let e2 80 99 s see them aliens
 	1		  don e2 80 99 t forget to put ur beds down n sleep in them so you can respawn right on area 51 area51 area51memes
 	1		  my alien outside area51 after we raid area 51
 	1		  me trying to control my alien after he sta s eating everything area51
 	1		  area51 face with tears of joy face with tears of joy face with tears of joy face with tears of joy face with tears of joy face with tears of joy theyre really making a plan and writing it out face with tears of joy i love this plan and i would be in the naruto runner squad which offense line will you be in face with tears of joy teamrumble
 	1		  the us government after seeing why area51 is trending
 	1		  the us government after seeing why area51 is trending
 	1		  the aliens throwing me off their ship after i helped them escape area51
 	1		  area51 there are 2 kinds of people
 	1		  about to get real area51
 	1		  me listening to alien music after i get them out of area 51 area51
 	1		  me setting off the diversions for the guards at area51
 	1		  aliens meeting in a fast food after getting out of area 51 area51
 	1		  me when my alien sta s talking in morse code with the neighbors alien area51 area51raid area51memes
 	1		  the aliens throwing me off their ship after i helped them escape area51
 	1		  me listening to alien music after i get them out of area 51 area51
 	1		  people trying to communicate with the aliens at area 51 that we e2 80 99 re here to help area51
 	1		  me watching y all get shot tf up when y all raid area51
 	1		  my alien outside area51 after we raid area 51
 	1		  about to get real area51
 	1		  me after my alien tries to eat my ass area51
 	1		  me going into area51 before the raid and then coming out after the raid
 	1		  e2 80 9c thanks for choosing our airline for your last flight e2 80 9d area51
 	1		  me listening to alien music after i get them out of area 51 area51
 	1		  me when my alien sta s talking in morse code with the neighbors alien area51 area51raid area51memes
 	1		  area51 there are 2 kinds of people
 	1		  me trying to control my alien after he sta s eating everything area51
 	1		  the area51 raid went better than expected
 	1		  when i see everyone talking about going to area 51 to find these aliens knowing global warming is about to kill my ass anyways area51
 	1		  ngl i e2 80 99 m kinda scared to get my alien what if he got depression nigga gonna be sittin over in the crib like e2 80 9c it doesn e2 80 99 t matter if you saved me or not i e2 80 99 m still gonna die e2 80 9d area51memes area51raid area51
 	1		  things are getting out of control area51
 	1		  me standing outside area 51 by myself when i e2 80 99 m the only one that turned up area51
 	1		  me holdin e2 80 99 back my boy from kickin some fed ass when we free him from area51
 	1		  the us government after seeing why area51 is trending
 	1		  e2 80 9c thanks for choosing our airline for your last flight e2 80 9d area51
 	1		  the aliens from area 51 when they see every anime lover naruto running towards them area51
 	1		  area51 there are 2 kinds of people
 	1		  area51 nobody us trying to rescue the aliens from area 51 and them not knowing
 	1		  the aliens in area 51 when they see thousands of people running into the base area51
 	1		  my alien coming to tell me they e2 80 99 re going to destroy the ea h and he e2 80 99 s going to have to kill me first area51memes area51
 	1		  me listening to alien music after i get them out of area 51 area51
 	1		  the us government after seeing why area51 is trending
 	1		  me listening to alien music after i get them out of area 51 area51
 	1		  e2 80 9c thanks for choosing our airline for your last flight e2 80 9d area51
 	1		  this shit is too funny area51 area51memes
 	1		  me saving my alien over the area51 fence
 	1		  okay that e2 80 99 s enough extraterrestrial shit for the night i seen just about everything lmao victory hand f0 9f 8f bc alien area51
 	1		  me listening to alien music after i get them out of area 51 area51
 	1		  my alien that i stole from area 51 waking me up at 3 am asking me how to flush the toilet area51
 	1		  ngl i e2 80 99 m kinda scared to get my alien what if he got depression nigga gonna be sittin over in the crib like e2 80 9c it doesn e2 80 99 t matter if you saved me or not i e2 80 99 m still gonna die e2 80 9d area51memes area51raid area51
 	1		  bruh alien weary face face with tears of joy area51
 	1		  e2 80 9c thanks for choosing our airline for your last flight e2 80 9d area51
 	1		  the aliens throwing me off their ship after i helped them escape area51
 	1		  aliens going to their new job early morning after the area 51 raid area51
 	1		  my alien after he kills me and the boys area51
 	1		  this shit is too funny area51 area51memes
 	1		  government e2 80 9c aliens invade ea h from massive escape from area 51 e2 80 9d me area51
 	1		  my flexing my superpowers after i stole a radioactive spider from area51
 	1		  things are getting out of control area51
 	1		  me and eryn are going to bring home an alien from the area 51 event and we gunna name it crust jesus crust we stan the lesbian parents we deserve area51 me taking home my baby alien after stealing him from area 51 area51
 	1		  me after my alien tries to eat my ass area51
 	1		  after we free all the aliens from area51 then they all sta calling thanos
 	1		  what my mom sees when she comes into my room after i stole an alien from area 51 area51 area51raid
 	1		  me leaving area51 with the aliens in my trunk
 	1		  area51 face with tears of joy face with tears of joy face with tears of joy face with tears of joy face with tears of joy face with tears of joy theyre really making a plan and writing it out face with tears of joy i love this plan and i would be in the naruto runner squad which offense line will you be in face with tears of joy teamrumble
 	1		  e2 80 9c thanks for choosing our airline for your last flight e2 80 9d area51
 	1		  e2 80 9c thanks for choosing our airline for your last flight e2 80 9d area51
 	1		  the area51 thread is hilarious especially knowing some folks are serious
 	1		  the aliens throwing me off their ship after i helped them escape area51
 	1		  me listening to alien music after i get them out of area 51 area51
 	1		  me listening to alien music after i get them out of area 51 area51
 	1		  me listening to alien music after i get them out of area 51 area51
 	1		  nobody us on our to area 51 area51
 	1		  me when my alien sta s talking in morse code with the neighbors alien area51 area51raid area51memes
 	1		  the us government after ya e2 80 99 ll risked your lives storming area 51 when it e2 80 99 s actually just a decoy for area 52 area51 area51raid
 	1		  when the raid is successful area51
 	1		  after the teens get that alien booty from area51 they should try liberating an american concentration camp me listening to alien music after i get them out of area 51 area51
 	1		  the us government after seeing why area51 is trending
 	1		  area51 face with tears of joy face with tears of joy face with tears of joy face with tears of joy face with tears of joy face with tears of joy theyre really making a plan and writing it out face with tears of joy i love this plan and i would be in the naruto runner squad which offense line will you be in face with tears of joy teamrumble
 	1		  what the cop sees when i get pulled over after speeding home on september 20th area51
 	1		  nobody us on our to area 51 area51
 	1		  millennials amp gen z e2 80 99 s getting ready to storm area 51 area51
 	1		  government e2 80 9c aliens invade ea h from massive escape from area 51 e2 80 9d me area51
 	1		  about to get real area51
 	1		  the aliens throwing me off their ship after i helped them escape area51
 	1		  when the alien i steal copies my appearance and tries to replace me area51
 	1		  telling your 1 4 alien grandchild about the raid of e2 80 98 19 to rescue their grandma from area 51 losing 285 000 of the bois in the process area51 aliens
 	1		  area51 stormarea51 100k people when they find out that the guards were actually the aliens themselves
 	1		  area51 nobody us trying to rescue the aliens from area 51 and them not knowing
 	1		  me after i save an alien but it keeps making jokes about destroying mankind area51memes area51raid area51
 	1		  about to get real area51
 	1		  me and the boys on september 20th area51 jojo anime
 	1		  storming area51 like
 	1		  when the alien i steal copies my appearance and tries to replace me area51
 	1		  s account is temporarily unavailable because it violates the twitter media policy learn more
 	1		  yo these area51 memes have me crying loudly crying face
 	1		  e2 80 9c thanks for choosing our airline for your last flight e2 80 9d area51
 	1		  my alien showing me memes from his world after i save him from area 51 area51
 	1		  area 51 guards leave the premises or we will shoot area 51 raiders area51raid area51
 	1		  do you feel in charge area51 meme
 	1		  me asking my alien if he helped build the pyramids area51
 	1		  me distracting area 51 guards as everyone else passes through area51
 	1		  these area 51 memes not dying till 20th sep lesgoooo area51 the aliens throwing me off their ship after i helped them escape area51
 	1		  my alien after he kills me and the boys area51
 	1		  area51 face with tears of joy face with tears of joy face with tears of joy face with tears of joy face with tears of joy face with tears of joy theyre really making a plan and writing it out face with tears of joy i love this plan and i would be in the naruto runner squad which offense line will you be in face with tears of joy teamrumble
 	1		  area51 be warned
 	1		  me listening to alien music after i get them out of area 51 area51
 	1		  all the aliens tryna escape after we break into area51
 	1		  when we storm area51
 	1		  just left area 51 this hoe lit collision pistol area51
 	1		  my alien i stole from area 51 escaping after i force it to eat mac and cheese and watch cat in the hat with me non stop area51
 	1		  me and the boys on the way back from area51
 	1		  the aliens taking over ea h after we free them in the area51 raid
 	1		  everyone trying to enter to area51
 	1		  me and the boys coming back from area51
 	1		  what my mom sees when she comes into my room after i stole an alien from area 51 area51 area51raid
 	1		  this shit is too funny area51 area51memes
 	1		  the only reason i m going to storm area51
 	1		  me the next morning waking up on my alien e2 80 99 s home planet after busting him out of area51 alien
 	1		  area51 there are 2 kinds of people
 	1		  area51 be warned
 	1		  area51 face with tears of joy face with tears of joy face with tears of joy face with tears of joy face with tears of joy face with tears of joy theyre really making a plan and writing it out face with tears of joy i love this plan and i would be in the naruto runner squad which offense line will you be in face with tears of joy teamrumble
 	1		  telling your 1 4 alien grandchild about the raid of e2 80 98 19 to rescue their grandma from area 51 losing 285 000 of the bois in the process area51 aliens
 	1		  the governments reaction when they see everyone coming to area51
 	1		  let e2 80 99 s goooooo area51
 	1		  y e2 80 99 all we need to stop joking around about area 51 remember back in 2016 when we thought it was just a meme that trump was running for president just let that sink in area51 everyone on september 20th getting ready for the raid area51
 	1		  me after i steal them baby alien and disguise them as human babies to avoid getting arrested area51
 	1		  me and my friends driving to through area 51 area51
 	1		  my new alien friend trying to explain how to fly its ship when i bust it out of area51
 	1		  my flexing my superpowers after i stole a radioactive spider from area51
 	1		  that one person who actually showed up alone to area51 to steal an alien
 	1		  me listening to alien music after i get them out of area 51 area51
 	1		  aliens at area 51 chillin me and the boys
 	1		  me listening to alien music after i get them out of area 51 area51
 	1		  me leaving area51 with the aliens in my trunk
 	1		  everyone let e2 80 99 s fight and get these aliens the government area51 area51raid area51memes
 	1		  me listening to alien music after i get them out of area 51 area51
 	1		  me setting off the diversions for the guards at area51
 	1		  me and all 500 000 of the boys since they cant stop all of us area51 theycantstopallofus
 	1		  the aliens throwing me off their ship after i helped them escape area51
 	1		  area51 let e2 80 99 s see them aliens
 	1		  me and my best friend in the middle of the area 51 raid area51raid area51
 	1		  me walking out of area 51 w my new pet aliens area51
 	1		  the aliens throwing me off their ship after i helped them escape area51
 	1		  me trying to get past the guards to free my alien area51
 	1		  everyone talking to the security guards at area51 after we fail
 	1		  people thinking they can steal the alien area51 area 51 security
 	1		  had to request my time off early f0 9f a5 b0 who else is going to area51
 	1		  bruh alien weary face face with tears of joy area51
 	1		  government e2 80 9c aliens invade ea h from massive escape from area 51 e2 80 9d me area51
 	1		  my alien outside area51 after we raid area 51
 	1		  my alien that i snuck out of area 51 waking me up at 3am saying e2 80 9c i frowed up e2 80 9d area51 area51raid alien
 	1		  area51 memes are fucking lit mature bag chodo ye memes dekho area51raid
 	1		  me listening to alien music after i get them out of area 51 area51
 	1		  things are getting out of control area51
 	1		  heres whats after our raid on area51
 	1		  area51 stormarea51 100k people when they find out that the guards were actually the aliens themselves
 	1		  the aliens throwing me off their ship after i helped them escape area51
 	1		  when the radiation finally hits you after you raid area51
 	1		  the aliens throwing me off their ship after i helped them escape area51
 	1		  let e2 80 99 s goooooo area51
 	1		  the aliens throwing me off their ship after i helped them escape area51
 	1		  the aliens throwing me off their ship after i helped them escape area51
 	1		  area51 be warned
 	1		  me standing outside area 51 by myself when i e2 80 99 m the only one that turned up area51
 	1		  area51 there are 2 kinds of people
 	1		  me listening to alien music after i get them out of area 51 area51
 	1		  this how we bouta leave area 51 after finding them aliens alien area51 area51raid stormarea51 aliens ufo area51memes letsseethemaliens
 	1		  my alien that i snuck out of area 51 waking me up at 3am saying e2 80 9c i frowed up e2 80 9d area51 area51raid alien
 	1		  area51 face with tears of joy face with tears of joy face with tears of joy face with tears of joy face with tears of joy face with tears of joy theyre really making a plan and writing it out face with tears of joy i love this plan and i would be in the naruto runner squad which offense line will you be in face with tears of joy teamrumble
 	1		  aliens dodging the cia and fbi like area51
 	1		  area51 me explaining to my parents why i wasted money on a ticket to nevada
 	1		  everyone talks about invading area 51 to steal the aliens alien me thinking about thousands of people trying to steal this bitch face with tears of joy area51 area51memes area15
 	1		  me listening to alien music after i get them out of area 51 area51
 	1		  when the alien i steal copies my appearance and tries to replace me area51
 	1		  about to get real area51
 	1		  everyone gangster till this lil nigga pops up area51
 	1		  me listening to alien music after i get them out of area 51 area51
 	1		  the aliens throwing me off their ship after i helped them escape area51
 	1		  me listening to alien music after i get them out of area 51 area51
 	1		  the government after seeing everyone talking about area51
 	1		  me listening to alien music after i get them out of area 51 area51
 	1		  me listening to alien music after i get them out of area 51 area51
 	1		  can e2 80 99 t wait till we get these after the area51 raids today
 	1		  this is the best headline i e2 80 99 ve seen on cnn area51
 	1		  okay i swear i e2 80 99 m done now area51
 	1		  lmfaooooo nah skull skull skull area51
 	1		  me leaving area51 with the aliens in my trunk
 	1		  me tryna communicate with the aliens in area 51 after the raid area51
 	1		  man the only thing i e2 80 99 m trying find in area51
 	1		  communicating with the aliens at area 51 to let them know we e2 80 99 re setting them free area51
 	2		  me and my friends driving to through area 51 area51
 	2		  aliens sending signals to space after they e2 80 99 re released from area 51 area51
 	2		  my alien that i stole from area 51 waking me up at 3 am asking me how to flush the toilet area51
 	2		  my alien when we escape in the ufo from area51
 	2		  we re storming area51 are you ready me i was born for this
 	2		  aliens sending signals to space after they e2 80 99 re released from area 51 area51
 	2		  tryna calculate how much i e2 80 99 mma sell the new alien and alien gear i copped from area 51 on ebay area51
 	2		  aliens sending signals to space after they e2 80 99 re released from area 51 area51
 	2		  if anyone dies at area51 i ll pick up your reboot card and reboot you me when i successfully break into area51
 	2		  me mocking the security guards at area51 while my alien sneaks out the back
 	2		  the government moving the aliens out of area51 just in case
 	2		  me listening to alien music after i get them out of area 51 area51
 	2		  my alien that i stole from area 51 waking me up at 3 am asking me how to flush the toilet area51
 	2		  the aliens when half a million people show up to area51
 	2		  my alien trying to fit in when i bring him to texas from area51
 	2		  september 21st pulling up the work area51
 	2		  facebook on that shitttt face with tears of joy face with tears of joy face with tears of joy face with tears of joy face with tears of joy area51
 	2		  my watching my alien i stole from area 51 sneaking out to go get snacks area51
 	2		  me after telling all the aliens in area 51 what trump been doin and they storm the white house area51
 	2		  me listening to alien music after i get them out of area 51 area51
 	2		  my alien that i stole from area 51 waking me up at 3 am asking me how to flush the toilet area51
 	2		  aliens sending signals to space after they e2 80 99 re released from area 51 area51
 	2		  area51 be warned
 	2		  my alien that i stole from area 51 waking me up at 3 am asking me how to flush the toilet area51
 	2		  my alien that i stole from area 51 waking me up at 3 am asking me how to flush the toilet area51
 	2		  aliens sending signals to space after they e2 80 99 re released from area 51 area51
 	2		  aliens sending signals to space after they e2 80 99 re released from area 51 area51
 	2		  me pulling up to area51 so i can get myself an alien boyfriend
 	2		  just left area 51 this hoe lit collision pistol area51
 	2		  me and my friends driving to through area 51 area51
 	2		  me explaining to the alien i took from area 51 that it needs to be quiet because my mom is downstairs area51
 	2		  me training my alien from area 51 area51
 	2		  the aliens throwing me off their ship after i helped them escape area51
 	2		  me listening to alien music after i get them out of area 51 area51
 	2		  area51 stormarea51 100k people when they find out that the guards were actually the aliens themselves
 	2		  me and my friends driving to through area 51 area51
 	2		  my alien that i took from area 51 asking me if i can take him to mcdonald e2 80 99 s to get a happy meal for him area51
 	2		  how we leaving area51 with illegal weapons
 	2		  me and bae after i free him out of area 51 area51 area51raid
 	2		  most likely lol area51 area51memes
 	2		  aliens sending signals to space after they e2 80 99 re released from area 51 area51
 	2		  what aliens are gonna look like a day after living on ea h area51
 	2		  area51 memes are killing me loudly crying face me and my friends driving to through area 51 area51
 	2		  communicating with the aliens at area 51 to let them know we e2 80 99 re setting them free area51
 	2		  aliens sending signals to space after they e2 80 99 re released from area 51 area51
 	2		  my alien that i stole from area 51 waking me up at 3 am asking me how to flush the toilet area51
 	2		  the guards at area 51 once the crackheads show up area51
 	2		  me after i save an alien but it keeps making jokes about destroying mankind area51memes area51raid area51
 	2		  it feels so fucking good knowing that my friends are leaving toxic people in their past and moving forward clapping hands f0 9f 8f bd purple hea it e2 80 99 s a hot girl summer all around
 	2		  instagram bout to be popping after this raid area51
 	2		  my alien that i stole from area 51 waking me up at 3 am asking me how to flush the toilet area51
 	2		  training for area51 day like
 	2		  my alien that i stole from area 51 waking me up at 3 am asking me how to flush the toilet area51
 	2		  area fiddy oneski area51 aliens sending signals to space after they e2 80 99 re released from area 51 area51
 	2		  all these area51 memes going around and this is all i m thinking halo
 	2		  me listening to alien music after i get them out of area 51 area51
 	2		  pulling up to area51 like
 	2		  me after i save an alien but it keeps making jokes about destroying mankind area51memes area51raid area51
 	2		  me explaining to my mom on why i bought a plane ticket to nevada for september 20th area51
 	2		  me after i save an alien but it keeps making jokes about destroying mankind area51memes area51raid area51
 	2		  the aliens opening the front door for everyone area51
 	2		  the us government after ya e2 80 99 ll risked your lives storming area 51 when it e2 80 99 s actually just a decoy for area 52 area51 area51raid
 	2		  all the aliens fleeing from area51 after being released skull
 	2		  me listening to alien music after i get them out of area 51 area51
 	2		  me listening to alien music after i get them out of area 51 area51
 	2		  me explaining to the alien i took from area 51 that it needs to be quiet because my mom is downstairs area51
 	2		  the alien from area 51 be like after i rescued him area51
 	2		  me and the boys preparing for our raid on area 51 area51
 	2		  the aliens pa ying in area51 knowing we coming to set them free in september
 	2		  the aliens throwing me off their ship after i helped them escape area51
 	2		  real live footage of us leaving area51
 	2		  it s a impo ant job area51raid area51memes area51 f0 9f a4 94 f0 9f a4 94 f0 9f a4 94 f0 9f a4 94 f0 9f a4 94
 	2		  my alien that i stole from area 51 waking me up at 3 am asking me how to flush the toilet area51
 	2		  my alien when we escape in the ufo from area51
 	2		  what if we kissed at the del taco in area 51 area51
 	2		  whos going area51
 	2		  communicating with the aliens at area 51 to let them know we e2 80 99 re setting them free area51
 	2		  the aliens throwing me off their ship after i helped them escape area51
 	2		  aliens after they e2 80 99 re finally freed from area51
 	2		  all these area51 memes going around and this is all i m thinking halo
 	2		  nobody takuaches after leaving area51
 	2		  the alien i stole from area 51 showing up in my room at 3am to tell me he threw up
 	2		  how we leaving area51 with illegal weapons
 	2		  aliens going to their new job early morning after the area 51 raid area51
 	2		  me and my friends driving to through area 51 area51
 	2		  how im gonna enter area 51 vs how im gonna leave area51
 	2		  all the aliens fleeing from area51 after being released skull
 	2		  live footage from the raid at area 51 area51
 	2		  my alien that i stole from area 51 waking me up at 3 am asking me how to flush the toilet area51
 	2		  me and my group of aliens escaping from area51
 	2		  where we dropping boys area51
 	2		  my alien that i stole from area 51 waking me up at 3 am asking me how to flush the toilet area51
 	2		  the aliens throwing me off their ship after i helped them escape area51
 	2		  my alien that i stole from area 51 waking me up at 3 am asking me how to flush the toilet area51
 	2		  my alien that i stole from area 51 waking me up at 3 am asking me how to flush the toilet area51
 	2		  e2 80 9c thanks for choosing our airline for your last flight e2 80 9d area51
 	2		  me and my friends driving to through area 51 area51
 	2		  everyone on september 20th getting ready for the raid area51
 	2		  me and my friends driving to through area 51 area51
 	2		  my alien that i stole from area 51 waking me up at 3 am asking me how to flush the toilet area51
 	2		  all these area51 memes going around and this is all i m thinking halo
 	2		  me and the boys on our way to area 51 person running e2 80 8d male sign ef b8 8f person running e2 80 8d female sign ef b8 8f play button ef b8 8f break into area51 in jailbreak here
 	2		  how im gonna enter area 51 vs how im gonna leave area51
 	2		  when i e2 80 99 m the only one that showed up to area51 and the security sta beating my ass
 	2		  my area51 alien after 10shots of tequila
 	2		  area51 nobody us trying to rescue the aliens from area 51 and them not knowing
 	2		  aliens sending signals to space after they e2 80 99 re released from area 51 area51
 	2		  me and my friends driving to through area 51 area51
 	2		  my alien that i stole from area 51 waking me up at 3 am asking me how to flush the toilet area51
 	2		  stop face with tears of joy face with tears of joy face with tears of joy face with tears of joy area51 alien face with tears of joy face with tears of joy face with tears of joy face with tears of joy face with tears of joy face with tears of joy face with tears of joy face with tears of joy face with tears of joy face with tears of joy takes deep breath face with tears of joy face with tears of joy face with tears of joy face with tears of joy face with tears of joy face with tears of joy face with tears of joy face with tears of joy face with tears of joy
 	2		  heres whats after our raid on area51
 	2		  me and the boys preparing for our raid on area 51 area51
 	2		  most likely lol area51 area51memes
 	2		  this is how i envision the battle of area 51 going down area51memes area51
 	2		  just left area 51 this hoe lit collision pistol area51
 	2		  y all gonna show up to area 51 like area51
 	2		  aliens sending signals to space after they e2 80 99 re released from area 51 area51
 	2		  me and the squad getting ready to raid area51
 	2		  humans and aliens when we ove hrow the government area51
 	2		  the aliens throwing me off their ship after i helped them escape area51
 	2		  me going to area 51 and having to kill my fbi agent area51
 	2		  my alien that i stole from area 51 waking me up at 3 am asking me how to flush the toilet area51
 	2		  after we raid area51 i e2 80 99 m letting my alien try marijuana
 	2		  this is how my dog is gonna be when i bring an alien back to the house area51
 	2		  aliens sending signals to space after they e2 80 99 re released from area 51 area51
 	2		  lmao same here g area51
 	2		  the guards at area 51 when they see everybody trying to break in when they e2 80 99 ve relocated all the aliens to area 52 area51
 	2		  e2 80 9c thanks for choosing our airline for your last flight e2 80 9d area51
 	2		  me explaining to the alien i took from area 51 that it needs to be quiet because my mom is downstairs area51
 	2		  update on area51 guys it looks like once we land the storm eye is gonna sta shrinking we ve got a major circle advantage because they ll be forced to move off the base but the supply drops are landing on their side so we ll have to make an early push
 	2		  aliens sending signals to space after they e2 80 99 re released from area 51 area51
 	2		  the aliens throwing me off their ship after i helped them escape area51
 	2		  this area 51 shit ain e2 80 99 t wo h it this bitch won e2 80 99 t shut up he keeps talking in his fucking foreign language and shit i e2 80 99 m boutta send his ass back area51 area51raid
 	2		  me stealing my alien at area51
 	2		  aliens sending signals to space after they e2 80 99 re released from area 51 area51
 	2		  me and my friends driving to through area 51 area51
 	2		  me and my girl after i break her out of area 51 area51 stormarea51
 	2		  me after i save an alien but it keeps making jokes about destroying mankind area51memes area51raid area51
 	2		  me and my friends driving to through area 51 area51
 	2		  me and the boys listening to alien music after we bussem outta area51
 	2		  this area 51 shit ain e2 80 99 t wo h it this bitch won e2 80 99 t shut up he keeps talking in his fucking foreign language and shit i e2 80 99 m boutta send his ass back area51 area51raid
 	2		  seriously someone should make a quirky comedy movie on this it would be hilarious face with tears of joy stormarea51 area51 ufo
 	2		  my alien that i stole from area 51 waking me up at 3 am asking me how to flush the toilet area51
 	2		  fucking ea hquakes in california seattle nevada and arizona in these passed few weeks and now a kfc exploded in no h carolina plus people are going to raid area 51 and area 52 pensive face f0 9f a4 94 f0 9f 99 83 expressionless face face with tears of joy california seattleea hquake nevada no hcarolina area51 area52 arizona lol me
 	2		  aliens sending signals to space after they e2 80 99 re released from area 51 area51
 	2		  update on area51 guys it looks like once we land the storm eye is gonna sta shrinking we ve got a major circle advantage because they ll be forced to move off the base but the supply drops are landing on their side so we ll have to make an early push
 	2		  whos going area51
 	2		  aliens sending signals to space after they e2 80 99 re released from area 51 area51
 	2		  whenever i free my alien bff out of area 51 this better be the first song they play on the aux area51
 	2		  alien the truth is out there area51
 	2		  whenever i free my alien bff out of area 51 this better be the first song they play on the aux area51
 	2		  the aliens throwing me off their ship after i helped them escape area51
 	2		  my contribution area51 stormarea51 area51memes
 	2		  me and the boys coming back from area51
 	2		  just left area 51 this hoe lit collision pistol area51
 	2		  heres whats after our raid on area51
 	2		  aliens sending signals to space after they e2 80 99 re released from area 51 area51
 	2		  me when someone e2 80 99 s asks if imma raid area51
 	2		  me when showing my alien from area51 music
 	2		  me and the alien i ve stole after the raid of area 51 area51 area51raid area51memes
 	2		  me avoiding all of area51 traps so that i can rescue my alien
 	2		  well i wasn t planning on going anyway tho area51memes area51raid area51
 	2		  where we dropping boys area51
 	2		  how we leaving area51 with illegal weapons
 	2		  that one person who actually showed up alone to area51 to steal an alien
 	2		  me standing outside area 51 by myself when i e2 80 99 m the only one that turned up area51
 	2		  area51 history teachers 50years from now narrating the students area 51 raid to their students
 	2		  the aliens throwing me off their ship after i helped them escape area51
 	2		  i don t know why area51 is trending but the tweets are gold keep em coming fridayfeeling aliens sending signals to space after they e2 80 99 re released from area 51 area51
 	2		  communicating with the aliens at area 51 to let them know we e2 80 99 re setting them free area51
 	2		  catch me dodging bullets at area 51 like this area51
 	2		  me the alien mama said i can keep yo ass area51
 	2		  my alien after rescuing it from area51 and i teach it to adapt to our culture at a family pa y
 	2		  me and my friends driving to through area 51 area51
 	2		  this is getting so ridiculous and i love it face with tears of joy face with tears of joy face with tears of joy stormarea51 area51 aliens alien
 	2		  aliens at area 51 after hearing that we e2 80 99 re coming to free them area51
 	2		  how the aliens are gonna celebrate seeing us breech area51
 	2		  aliens sending signals to space after they e2 80 99 re released from area 51 area51
 	2		  aliens sending signals to space after they e2 80 99 re released from area 51 area51
 	2		  area 51 guards when 150 000 people pull up in september area51
 	2		  my alien outside area51 after we raid area 51
 	2		  aliens sending signals to space after they e2 80 99 re released from area 51 area51
 	2		  the us government after seeing why area51 is trending
 	2		  aliens sending signals to space after they e2 80 99 re released from area 51 area51
 	2		  aliens sending signals to space after they e2 80 99 re released from area 51 area51
 	2		  it e2 80 99 s just been confirmed this will be the area 51 halftime show area51
 	2		  my alien that i stole from area 51 waking me up at 3 am asking me how to flush the toilet area51
 	2		  me after i save an alien but it keeps making jokes about destroying mankind area51memes area51raid area51
 	2		  everyone trying to enter to area51
 	2		  bruh ya ll do know that area51 is completely sorrounded by land mines of all types right area51raid
 	2		  me after i save an alien but it keeps making jokes about destroying mankind area51memes area51raid area51
 	2		  my alien that i stole from area 51 waking me up at 3 am asking me how to flush the toilet area51
 	2		  me and my friends on our way to area51 to save some aliens area51
 	2		  y e2 80 99 all got a deathwish face with tears of joy goodluck to the brave souls that are saving our fellow extraterrestrial brethren from captivity freelilmayo area51 me and my friends driving to through area 51 area51
 	2		  me and my friends driving to through area 51 area51
 	2		  my watching my alien i stole from area 51 sneaking out to go get snacks area51
 	2		  fb has some of the best memes area51
 	2		  when the radiation finally hits you after you raid area51
 	2		  my alien outside area51 after we raid area 51
 	2		  when the alien i rescued calls his parents to pick him up area51
 	2		  me after telling all the aliens in area 51 what trump been doin and they storm the white house area51
 	2		  my alien when we escape in the ufo from area51
 	2		  my fellow naruto runners i proposed before we sta the raid we do jojo poses in order to get 3 in intimation area51memes area51 area51raid area51 area51raid area51memes s p o o k y
